id;first_name;last_name;email;phone_number;password;gender
1;Magnus;Cassin;Emmett60@gmail.com;Zimbabwe Montana groupware;Buckinghamshire;KIZ
2;Joy;Cummerata;Roman62@yahoo.com;Iraq;deliverables coherent;ERKEK
3;Monte;Rowe;Elliott_Pfeffer@yahoo.com;Toys;bandwidth Credit Generic;KIZ
4;Flavio;Quitzon;Keith.Greenholt@gmail.com;Berkshire demand-driven Avon;efficient;KIZ
5;Madilyn;Kuhn;Afton34@gmail.com;silver transmitting Plastic;back-end;KIZ
6;Baylee;Bechtelar;Christopher.Jerde@yahoo.com;1080p Australia Global;override;ERKEK
7;Aniya;Dooley;Janet.Cummings67@yahoo.com;communities Fresh end-to-end;Plastic payment Flats;KIZ
8;Alden;Harber;Josefina_Nitzsche@gmail.com;Dynamic port;Gorgeous;ERKEK
9;Adele;Hand;Alfonso8@hotmail.com;COM invoice Account;definition Checking;ERKEK
10;Joanie;White;Chelsea_Upton@hotmail.com;Israel JSON synthesizing;application;ERKEK
